date,source,headline,snippet,url,cleaned_headline,cleaned_snippet
2024-11-05T11:34:36+0000,The New York Times,How Markets Could Respond to the Election,"Investors are considering the candidates’ policies and historical trends to bet on where stocks, bonds and currencies are headed.",https://www.nytimes.com/2024/11/05/business/stock-market-election-trump-harris.html,markets could respond election,investors considering candidates policies historical trends bet stocks bonds currencies headed
2024-09-06T09:07:15+0000,The New York Times,The Downside of Falling Interest Rates,"While rate cuts are welcome in much of the economy, they pose problems for risk-averse investors who relish high money market and bond yields.",https://www.nytimes.com/2024/09/06/business/interest-rates-falling-downside.html,downside falling interest rates,rate cuts welcome much economy pose problems riskaverse investors relish high money market bond yields
2024-08-16T09:02:56+0000,The New York Times,The End of Fabulous Money Market Rates Is Near,"You have been able to earn solid returns by parking your money in fairly safe places, our columnist says. But that won’t last much longer.",https://www.nytimes.com/2024/08/16/business/money-market-funds-rates-inflation.html,end fabulous money market rates near,able earn solid returns parking money fairly safe places columnist says wont last much longer
2024-10-21T09:02:00+0000,The New York Times,Why Chinese Are Rushing Into a ‘Casino’ Stock Market,Steps to bolster the economy have set off a stock buying frenzy. Our columnist spoke to Chinese investors about why they are jumping in knowing the risks.,https://www.nytimes.com/2024/10/21/business/china-stocks-investing.html,chinese rushing casino stock market,steps bolster economy set stock buying frenzy columnist spoke chinese investors jumping knowing risks
2024-10-15T09:03:37+0000,The New York Times,Can the Stock Market Keep Going Up? Market Watchers Think So.,"The bullishness on Wall Street is largely based on confidence that the Federal Reserve will tame inflation, the economy will remain solid and corporate earnings will continue to grow.",https://www.nytimes.com/2024/10/15/business/stock-market-valuation-outlook.html,stock market keep going market watchers think,bullishness wall street largely based confidence federal reserve tame inflation economy remain solid corporate earnings continue grow
2024-11-08T10:03:23+0000,The New York Times,"Even at a Time Like This, Slow and Steady Works in the Stock Market","Big changes are coming in the next Trump administration. But your investing plans needn’t change, our columnist says.",https://www.nytimes.com/2024/11/08/business/stock-market-bonds-election-investing.html,even time like slow steady works stock market,big changes coming next trump administration investing plans neednt change columnist says
2024-10-14T07:57:39+0000,The New York Times,China’s Stock Markets Rebound on Promises to Help Businesses,Assurances from government officials on plans to strengthen the private sector offset a lack of specifics about economic stimulus.,https://www.nytimes.com/2024/10/14/business/china-stocks-csi-300.html,chinas stock markets rebound promises help businesses,assurances government officials plans strengthen private sector offset lack specifics economic stimulus
2024-11-08T21:12:56+0000,The New York Times,Stock Market Rallies to Its Best Week in Over a Year,"President-elect Donald Trump’s win, coupled with a quarter-point interest rate cut from the Federal Reserve, pushed major stock indexes into record territory.",https://www.nytimes.com/2024/11/08/business/stock-market-trump-fed.html,stock market rallies best week year,presidentelect donald trumps win coupled quarterpoint interest rate cut federal reserve pushed major stock indexes record territory
2024-09-30T11:23:26+0000,The New York Times,"China Removes Curbs on Home Buyers, Sparking Stock Market Surge","After seeing prices decline for years, Chinese officials have made a burst of policy changes aimed at making it easier to buy homes.",https://www.nytimes.com/2024/09/30/business/china-property-mortgages.html,china removes curbs home buyers sparking stock market surge,seeing prices decline years chinese officials made burst policy changes aimed making easier buy homes
2024-09-26T20:31:11+0000,The New York Times,Kamala Harris’s Campaign Thinks She Can Win on the Economy. Here’s How.,Harris advisers point to a number of brightening public polls showing that Donald Trump’s lead is eroding on the critical question of whom voters trust most on the economy.,https://www.nytimes.com/2024/09/26/us/politics/trump-harris-economy.html,kamala harriss campaign thinks win economy heres,harris advisers point number brightening public polls showing donald trumps lead eroding critical question voters trust economy
2024-08-22T09:01:39+0000,The New York Times,"Trump May Claim Credit for Stock Surges, but the Reality Is Far More Complicated","On Wall Street, claims that a president is responsible for the fate of the stock market are largely dismissed as bluster.",https://www.nytimes.com/2024/08/22/business/trump-stock-market.html,trump may claim credit stock surges reality far complicated,wall street claims president responsible fate stock market largely dismissed bluster
2024-09-06T18:43:35+0000,The New York Times,Stock Slide as Investors Wrestle With Shifting Bets on Rate Cuts,"The stock market “can’t win” at the moment, said Andrew Brenner, head of international fixed income at National Alliance Securities. “Heads I lose, tails I lose.”",https://www.nytimes.com/2024/09/06/business/stock-market-jobs-report.html,stock slide investors wrestle shifting bets rate cuts,stock market cant win moment said andrew brenner head international fixed income national alliance securities heads lose tails lose
2024-10-11T09:02:01+0000,The New York Times,"The Market Has Been Fabulous, Maybe Excessively So","You may not realize how great the stock market has been. But, our columnist says, it can’t keep rising at this pace for long.",https://www.nytimes.com/2024/10/11/business/stocks-investing-bull-market.html,market fabulous maybe excessively,may realize great stock market columnist says cant keep rising pace long
2024-11-01T13:00:12+0000,The New York Times,The Market Is Fairly Upbeat. Is It the Calm Before a Storm?,"Stocks have risen this year despite uncertainties and outright hostilities in U.S. politics and around the world. But bonds and other markets show signs of concern, our columnist says.",https://www.nytimes.com/2024/11/01/business/election-stocks-bonds-deficit.html,market fairly upbeat calm storm,stocks risen year despite uncertainties outright hostilities us politics around world bonds markets show signs concern columnist says
2024-10-09T04:01:33+0000,The New York Times,‘I’m Not Going to Wait’: Young Chinese Jump Into Stock Frenzy,"Despite the risks of investing at a volatile time, investors see the recent stock rally as a rare opportunity to make money when China’s economy is sluggish.",https://www.nytimes.com/2024/10/09/business/china-stocks-young-investors.html,im going wait young chinese jump stock frenzy,despite risks investing volatile time investors see recent stock rally rare opportunity make money chinas economy sluggish
2024-09-13T13:00:07+0000,The New York Times,Nvidia Holds the Key to the Market. But Is It Worth This Much?,"One of the hazards of buying individual stocks is that their current price may have little to do with their fundamental value, our columnist says.",https://www.nytimes.com/2024/09/13/business/nvidia-stock-market-ai.html,nvidia holds key market worth much,one hazards buying individual stocks current price may little fundamental value columnist says
2024-10-18T13:00:06+0000,The New York Times,"Money Market Rates Are Lower, Yes. But Compared to What?","Even with further Fed rate cuts likely, money market funds are a good alternative for stashing cash, and investors are still flocking to them, our columnist says.",https://www.nytimes.com/2024/10/18/business/money-market-rates-stocks-bonds-inflation.html,money market rates lower yes compared,even fed rate cuts likely money market funds good alternative stashing cash investors still flocking columnist says
2024-08-23T04:00:08+0000,The New York Times,A Turbulent Month Shows Markets Are Fickle. So Be Patient.,"With the political conventions behind us and a rate cut expected soon, the market has been rallying, yet our columnist says it’s safer to play a longer game.",https://www.nytimes.com/2024/08/23/business/stock-market-election-season.html,turbulent month shows markets fickle patient,political conventions behind us rate cut expected soon market rallying yet columnist says safer play longer game
2024-10-15T16:01:50+0000,The New York Times,"Trump Media Stock Surges, Nearly Tripling in Matter of Weeks",The sharp rise in the share price of the parent of Truth Social has added about $2 billion to the net worth of former President Donald J. Trump.,https://www.nytimes.com/2024/10/15/business/trump-media-stock-price.html,trump media stock surges nearly tripling matter weeks,sharp rise share price parent truth social added billion net worth former president donald j trump
2024-10-08T02:13:05+0000,The New York Times,China’s Policy Reversal Sparks ‘Mind Boggling’ Stock Rally,"The government has fired up investors by encouraging banks to lend more to buyers of stocks and real estate, but officials refrained on Tuesday from promising more stimulus.",https://www.nytimes.com/2024/10/07/business/china-stocks-csi-300.html,chinas policy reversal sparks mind boggling stock rally,government fired investors encouraging banks lend buyers stocks real estate officials refrained tuesday promising stimulus
2024-11-07T18:17:54+0000,The New York Times,"Lower Rates, Rising Yields: What to Make of the Bond Market Right Now",Yields on government bonds — which underpin all kinds of borrowing in the economy — are rising. But the Fed is cutting rates. What gives?,https://www.nytimes.com/2024/11/07/business/bond-market-trump.html,lower rates rising yields make bond market right,yields government bonds underpin kinds borrowing economy rising fed cutting rates gives
2024-11-06T03:52:40+0000,The New York Times,Stocks Set Records and Dollar Soars After Trump Election Win,"Bitcoin hit a record, Tesla stock soared and a wide range of markets around the world moved sharply as Donald J. Trump claimed victory.",https://www.nytimes.com/2024/11/05/business/election-stock-markets.html,stocks set records dollar soars trump election win,bitcoin hit record tesla stock soared wide range markets around world moved sharply donald j trump claimed victory
2024-09-11T11:27:29+0000,The New York Times,Trump Media’s Stock Plunges After Debate,"Shares of the parent company of Truth Social, which have traded like a proxy for former President Donald Trump’s election prospects, set a new low for the year.",https://www.nytimes.com/2024/09/11/us/politics/trump-media-stock-truth-social-debate.html,trump medias stock plunges debate,shares parent company truth social traded like proxy former president donald trumps election prospects set new low year
2024-10-29T20:42:45+0000,The New York Times,Trump Media Stock Jumps Again as Traders Bet on Election,"Shares of the Truth Social parent company continue to soar, pushing the market value of the firm above $10 billion.",https://www.nytimes.com/2024/10/29/business/trump-media-stock-truth-social.html,trump media stock jumps traders bet election,shares truth social parent company continue soar pushing market value firm billion
2024-09-19T15:03:42+0000,The New York Times,Trump Media Stock Tumbles as Big Shareholders Are Soon Free to Sell,"Donald J. Trump, the company’s largest shareholder, has said he won’t sell when a lockup agreement expires on Thursday. But other large investors could.",https://www.nytimes.com/2024/09/19/business/trump-media-lockup-expires.html,trump media stock tumbles big shareholders soon free sell,donald j trump companys largest shareholder said wont sell lockup agreement expires thursday large investors could
2024-09-09T15:24:20+0000,The New York Times,"With Trump Media Stock Cratering, Donald Trump Has a Decision to Make","A lockup provision has kept him from being able to sell Trump Media shares. With that prohibition about to expire, the price is down more than 70 percent from its peak.",https://www.nytimes.com/2024/09/09/business/trump-media-stock-lockup-agreement.html,trump media stock cratering donald trump decision make,lockup provision kept able sell trump media shares prohibition expire price percent peak
2024-11-01T23:30:34+0000,The New York Times,Nvidia Will Replace Intel in the Dow Jones Stock Index,"The change, starting next Friday, lifts a dominant player in artificial intelligence over its chip-making rival, which has struggled to keep up.",https://www.nytimes.com/2024/11/01/technology/nvidia-intel-dow-jones-index.html,nvidia replace intel dow jones stock index,change starting next friday lifts dominant player artificial intelligence chipmaking rival struggled keep
2024-11-02T12:00:02+0000,The New York Times,Fears of Civil Unrest Stalk the Markets,Wall Street advisers say investors are increasingly anxious about the possibility of election-related violence.,https://www.nytimes.com/2024/11/02/business/dealbook/fears-of-civil-unrest-stalk-the-markets.html,fears civil unrest stalk markets,wall street advisers say investors increasingly anxious possibility electionrelated violence
2024-10-04T10:09:33+0000,The New York Times,Labor Market Shows Unexpected Strength,"U.S. employers added 254,000 jobs in September, a sign that economic growth remained solid. The unemployment rate fell to 4.1 percent.",https://www.nytimes.com/2024/10/04/business/economy/jobs-report-september.html,labor market shows unexpected strength,us employers added jobs september sign economic growth remained solid unemployment rate fell percent
2024-09-04T11:30:56+0000,The New York Times,Slowdown Déjà Vu Rattles Global Markets,Investors sent technology stocks and other assets tumbling on concerns that the U.S. economy could be headed for a hard landing.,https://www.nytimes.com/2024/09/04/business/dealbook/slowdown-worries-stocks-markets.html,slowdown dj vu rattles global markets,investors sent technology stocks assets tumbling concerns us economy could headed hard landing
2024-10-22T11:47:01+0000,The New York Times,The Era of Outsized Market Rallies Could Be Over,"The S&P 500’s huge gains over the past two years won’t be duplicated some analysts say, as a series of economic challenges piles up.",https://www.nytimes.com/2024/10/22/business/dealbook/sp-500-rally-markets.html,era outsized market rallies could,sp huge gains past two years wont duplicated analysts say series economic challenges piles
2024-09-26T22:05:12+0000,The New York Times,"Years After Being ‘Fired,’ They’ve Unloaded Their Trump Media Stock",Two former “Apprentice” contestants who helped found Truth Social have sold their nearly 6 percent stake in Trump Media & Technology Group.,https://www.nytimes.com/2024/09/26/business/truth-social-trump-media-stock-sale.html,years fired theyve unloaded trump media stock,two former apprentice contestants helped found truth social sold nearly percent stake trump media technology group
2024-09-03T19:39:12+0000,The New York Times,Stocks Slump and Oil Prices Slide as Unease Returns to Markets,"The S&P 500 fell more than 2 percent on Tuesday, its biggest single-day drop since an early August meltdown.",https://www.nytimes.com/2024/09/03/business/stocks-oil-prices-economy.html,stocks slump oil prices slide unease returns markets,sp fell percent tuesday biggest singleday drop since early august meltdown
2024-11-04T12:43:16+0000,The New York Times,A November Surprise Is Jostling the Markets,"The dollar, Treasury yields and crypto currencies have fallen, reversing some elements of the so-called Trump trade after an unexpected poll result.",https://www.nytimes.com/2024/11/04/business/dealbook/selzer-poll-trump-trade.html,november surprise jostling markets,dollar treasury yields crypto currencies fallen reversing elements socalled trump trade unexpected poll result
2024-09-20T09:03:22+0000,The New York Times,"Now That Rates Are Falling, Let’s Turn to Other Matters",The Federal Reserve has at last cut interest rates but our columnist points out a host of concerns that could weigh on financial markets.,https://www.nytimes.com/2024/09/20/business/interest-rates-stock-market-federal-reserve.html,rates falling lets turn matters,federal reserve last cut interest rates columnist points host concerns could weigh financial markets
2024-10-22T15:18:06+0000,The New York Times,Trump Media’s Soaring Share Price Masks Internal Strife,"Employees have complained to the board about hiring and management practices at the parent company of Truth Social, which serves as the main online megaphone for former President Donald Trump.",https://www.nytimes.com/2024/10/22/business/trump-media-truth-social-nunes.html,trump medias soaring share price masks internal strife,employees complained board hiring management practices parent company truth social serves main online megaphone former president donald trump
2024-09-27T05:53:27+0000,The New York Times,China Stocks Soar in Biggest Single-Week Jump Since 2008,Economic stimulus moves triggered a broad rally in trading in Shanghai and Shenzhen.,https://www.nytimes.com/2024/09/27/business/asia-stocks-csi-300.html,china stocks soar biggest singleweek jump since,economic stimulus moves triggered broad rally trading shanghai shenzhen
2024-11-09T13:00:02+0000,The New York Times,Could the Bond Market Stymie Trump’s Economic Plans?,Some fiscal hawks worry that Trump’s policies would increase the deficit and fuel inflation.,https://www.nytimes.com/2024/11/09/business/dealbook/trump-economy-bonds.html,could bond market stymie trumps economic plans,fiscal hawks worry trumps policies would increase deficit fuel inflation
2024-08-28T20:10:38+0000,The New York Times,Warren Buffett’s Berkshire Hathaway Hits $1 Trillion in Market Value,The conglomerate joined a small club of companies that have crossed the mark.,https://www.nytimes.com/2024/08/28/business/berkshire-hathaway-trillion-market-cap.html,warren buffetts berkshire hathaway hits trillion market value,conglomerate joined small club companies crossed mark
2024-10-15T12:11:29+0000,The New York Times,Prediction Markets Tell a Different Story From the Polls,"Supporters say the platforms are better at predicting the election. But questions have arisen about recent big bets, as they show a big lead for Donald Trump.",https://www.nytimes.com/2024/10/15/business/dealbook/prediction-markets-trump-harris.html,prediction markets tell different story polls,supporters say platforms better predicting election questions arisen recent big bets show big lead donald trump
2024-09-18T09:04:30+0000,The New York Times,Wall Street Has Its Eye on a Big Rate Cut,"The S&P 500 is hovering just below record territory, driven by a revived rally as bets have grown that the Federal Reserve will cut interest rates by half a percentage point.",https://www.nytimes.com/2024/09/18/business/stock-market-fed-rate-cut.html,wall street eye big rate cut,sp hovering record territory driven revived rally bets grown federal reserve cut interest rates half percentage point
2024-11-06T11:48:27+0000,The New York Times,Truth Social Stock Moves Higher on Trump Election Victory,Shares in Trump Media were among the most actively traded in the United States after the election was called.,https://www.nytimes.com/2024/11/06/business/trump-media-stock-price.html,truth social stock moves higher trump election victory,shares trump media among actively traded united states election called
2024-10-15T17:31:22+0000,The New York Times,Would a Strong Job Market Stop Fed Rate Cuts? This Official Says No.,"Mary C. Daly, the president of the Federal Reserve Bank of San Francisco, said that the central bank shouldn’t act “out of fear.”",https://www.nytimes.com/2024/10/15/business/economy/fed-mary-daly-jobs-inflation.html,would strong job market stop fed rate cuts official says,mary c daly president federal reserve bank san francisco said central bank shouldnt act fear
2024-09-19T16:28:32+0000,The New York Times,Stocks Hit Record High a Day After Fed’s Big Interest Rate Cut,"The S&P 500 rose 1.7 percent on Thursday, rallying a day after the Federal Reserve cut interest rates by half a percentage point.",https://www.nytimes.com/2024/09/19/business/stock-market-federal-reserve.html,stocks hit record high day feds big interest rate cut,sp rose percent thursday rallying day federal reserve cut interest rates half percentage point
2024-10-28T11:50:38+0000,The New York Times,What Japan’s Political Uncertainty Means for Its Market Rally,"The long-ruling Liberal Democratic Party has lost its parliamentary majority, raising questions about the policy stability that has lured investors.",https://www.nytimes.com/2024/10/28/business/japan-economy-election.html,japans political uncertainty means market rally,longruling liberal democratic party lost parliamentary majority raising questions policy stability lured investors
2024-10-04T11:33:51+0000,The New York Times,Jobs and Oil Prices Are Keeping Markets on Edge,"Friday’s jobs report could bolster the view that the American economy is holding steady, but an oil price shock could undercut that sense of calm.",https://www.nytimes.com/2024/10/04/business/dealbook/jobs-and-oil-prices-are-keeping-markets-on-edge.html,jobs oil prices keeping markets edge,fridays jobs report could bolster view american economy holding steady oil price shock could undercut sense calm
2024-10-27T07:00:44+0000,The New York Times,"For Investors, What if This Time Is Different?","Disregarding politics has worked brilliantly in the United States for a century. But market history offers comfort only up to a point, our columnist says.",https://www.nytimes.com/2024/10/27/business/market-history-elections-disasters.html,investors time different,disregarding politics worked brilliantly united states century market history offers comfort point columnist says
2024-08-14T12:05:25+0000,The New York Times,Google’s Stock Falls as the Government Weighs Breaking Up the Company,The Justice Department could force the technology group to split after a landmark court ruling that the search giant is an illegal monopoly.,https://www.nytimes.com/2024/08/14/business/dealbook/google-stock-antitrust-break-up.html,googles stock falls government weighs breaking company,justice department could force technology group split landmark court ruling search giant illegal monopoly
2024-11-06T15:06:59+0000,The New York Times,Tesla’s Stock Jumps After Trump’s Victory,Investors believe that the electric car company led by Elon Musk will benefit from his support of the president-elect.,https://www.nytimes.com/2024/11/06/business/tesla-stock-elon-musk-trump.html,teslas stock jumps trumps victory,investors believe electric car company led elon musk benefit support presidentelect
2024-08-16T09:03:28+0000,The New York Times,Revenues Down and Stock Battered as Data Firm Faces Scrutiny,"MultiPlan has helped big health insurers make billions by reducing reimbursements for medical bills, but its business model is now being questioned.",https://www.nytimes.com/2024/08/16/health/multiplan-health-insurance.html,revenues stock battered data firm faces scrutiny,multiplan helped big health insurers make billions reducing reimbursements medical bills business model questioned
