Ticker,Count
TWLO,17
VSAT,35
KLAC,70
XRX,14
TDY,149
DOCU,159
DT,23
PLTR,2819
CAMT,129
PAR,1564
SMCI,3114
LITE,16
AEHR,215
PAYO,26
QCOM,2150
LYTS,0
TXN,1651
PAYX,4
OS,2531
GWRE,5
CORZ,294
WK,858
MSTR,210
ADBE,2049
FORM,8527
FOUR,7283
INTC,10729
TYL,8
LDOS,3
GILT,14
FROG,11
TEL,571
GCT,202
NN,43
MKSI,29
KEYS,8142
SMTC,1565
WDC,5
OUST,731
APLD,398
SMAR,74
SEDG,0
PCTY,48
FIS,203
ADI,1183
NTAP,1534
CSCO,2813
NVDA,7069
PAGS,161
MSI,13
GTLB,38
AVGO,4907
QXO,19
PAYC,33
APH,277
AMD,12912
FICO,324
HUBS,937
OKTA,121
DOX,267
DDOG,88
TTD,168
CCSI,6
DUOL,5
COHR,27
PANW,1882
LYFT,821
RAMP,3290
ZS,36
GB,1
ACN,2455
BTDR,113
DIOD,49
RUN,6963
UIS,955
SQ,499
ZI,15
FTNT,16
ANET,39
AMKR,3807
AMPL,77
ONTO,3404
GFS,46
ADSK,1595
JNPR,21
RELL,215
DOCN,0
PLUS,7886
VRNT,2
WOLF,169
NVMI,141
INST,84
MCHP,28
HPQ,1529
INTU,2592
GRND,4
CACI,4
TER,2
BMBL,573
STNE,18
WDAY,57
PI,122
BASE,4161
ODD,6532
NXT,183
MRVL,1526
PD,545
NCNO,1526
AGYS,1055
KD,56
UI,955
NTNX,0
ADP,4957
SNPS,613
ARQQ,14
DELL,4333
SNOW,779
TOST,8
RBRK,5
AMBA,42
NEON,158
BMI,1163
SOUN,177
ACMR,15
ESTC,1552
ATOM,529
GEN,3495
CDNS,91
ARRY,43
CRSR,185
FSLR,3861
MEI,193
LRCX,144
HEAR,13406
JBL,6
BAND,3751
TASK,3517
RELY,9149
ORCL,3392
KN,265
HPE,846
BILL,6807
CNXC,5
IBM,1622
FN,9
MNDY,3
PATH,4106
DBX,58
AIP,387
CRWD,3019
BL,1206
CDW,13
KVYO,38
AMAT,280
FLEX,536
CSIQ,59
OLED,70
ENPH,168